quesetion,lang,
find the all list of input in html? intput list in html,1,abcml
input list in html,1,
html,1,
write file input tag in html,1,
<form> tag in hitm,1,
form example in html,1,
image tag. img tag in html,1,
li in html,1,
image src tag html ,1,
bootstrap,2,
model popup in bootstrap,2,
badge in bootstrap,2,
removeClass remove class add class in js,3,
removeClass in js,3,
add class in js,3,
change border color in js,3,
location reload in js,3,
border in css,4,
change border color in css,4,
transparent color in css,4,
font family in css,4,
change image using js,3,
redirect another page using js,3,
create card in bootstrap4,2,
bootstrap4 color,2,
alert js,3,
write alert in js,3,
hello world is js,3,
document.ready() write in jquery,3,
jquery,3,
write submit button tag with bootstrap4,2,
js alert,3,
reload location in js,3,
form example in bootstrap4,2,
buttons in bootstrap,2,
tags of html,1,
html tags,1,
resize textarea scroll disabled in css,4,
write comment in html,1,
write comment in js ,3,
write comment in css,4,
comment in js,3,
comment in css,4,
comment html,1,
bootstrap color code,2,